{
    "camera_matrix": [
        [
            728.1274152482307,
            0.0,
            380.50521990542336
        ],
        [
            0.0,
            490.1198890739973,
            215.73115939779186
        ],
        [
            0.0,
            0.0,
            1.0
        ]
    ],
    "distortion_coefficients": [
        [
            2.2648557440582815,
            -18.776070944345115,
            0.14894739212716343,
            0.1103040214399389,
            52.678357778423745
        ]
    ]
}